,ticker,company,published_at,title,description,source,author,url
0,MO,"Altria Group, Inc.",2026-03-04 05:09:36+00:00,"'When We Come Together, We Can Move Mountains'",'I want to show bearded men actually caring and loving for their sons or a woman from Pakistan in a position of power. How radical is that?',Rediff.com,ASEEM CHHABRA,https://www.rediff.com/movies/report/when-we-come-together-we-can-move-mountains/20260304.htm
1,MO,"Altria Group, Inc.",2026-03-04 05:00:00+00:00,Bayern Munich News: Liverpool’s revenge! Reds eye Konrad Laimer in retaliatory move,FC Bayern might have to fend off Liverpool for Konrad Laimer.,Bavarian Football Works,CSmith1919,https://www.bavarianfootballworks.com/transfer-rumors/173053/bayern-munich-liverpool-laimer-real-madrid-fc-barcelona-arsenal-tottenham-chelsea-schlotterbeck-inter
2,MO,"Altria Group, Inc.",2026-03-04 03:44:25+00:00,"Women sue Branson Landing massage business, alleging unwanted touching","BRANSON, Mo. — Two women filed separate lawsuits in Taney County Circuit Court on Tuesday alleging they were inappropriately touched during massages at...",KOLR - OzarksFirst.com,Kathryn Skopec,https://www.ozarksfirst.com/news/massage-lawsuits-branson-mo/
3,MO,"Altria Group, Inc.",2026-03-04 03:43:51+00:00,Congress split as Senate nears vote on Iran strikes,"Congress is deeply divided over President Trump's military actions against Iran. Democrats question the administration's shifting justifications for the campaign, citing a lack of imminent threat. Republicans largely back the president's decision, though some…",The Times of India,NYT News Service,https://economictimes.indiatimes.com/news/international/world-news/congress-split-as-senate-nears-vote-on-iran-strikes/articleshow/129004314.cms
4,MO,"Altria Group, Inc.",2026-03-04 03:31:22+00:00,"Timberwolves 117, Grizzlies 110: Matched Intensity – A Rarity",Ant Man threw the cape on once again in another 40-point effort.,Canis Hoopus,Andrew Carlson,https://www.canishoopus.com/timberwolves-scores-results/64951/timberwolves-vs-grizzlies-nba-game-recap-final-score
5,MO,"Altria Group, Inc.",2026-03-04 03:26:18+00:00,Russian units retreat as Ukrainian forces expand control across front,"Today, the most important developments come from the Huliaipole direction. Here, north of the main stronghold, Ukrainian forces have broken through Russian positions and are expanding their advance. Russian defenses began to fall apart more quickly than antic…",Freerepublic.com,RFU News — Strategic Geopolitics,https://freerepublic.com/focus/f-news/4369187/posts
6,MO,"Altria Group, Inc.",2026-03-04 03:12:05+00:00,"Knicks 111, Raptors 95: Kept them under 100 again!",Sharing is caring as NYK beats TOR for the fourth time this season.,Posting and Toasting,Russell Richardson,https://www.postingandtoasting.com/knicks-scores-results/79813/knicks-111-raptors-95-kept-them-under-100-again
7,MO,"Altria Group, Inc.",2026-03-04 03:02:04+00:00,Schmitt on Iran: Trump Not Interested In 'Forever War',"Tuesday on Fox News Channel’s “The Ingraham Angle,” Sen. Eric Schmitt (R-MO) said President Donald Trump was not interested in a “forever war” in Iran. Host Laura Ingraham said, “Speaking of Iran, you’ve seen some of the public opinion polls, and
The post Sch…",Breitbart News,Pam Key,https://www.breitbart.com/clips/2026/03/03/schmitt-on-iran-trump-not-interested-in-forever-war/
8,MO,"Altria Group, Inc.",2026-03-04 03:00:00+00:00,"421: The Creative Cure — Strengthening Our Health and Well-Being with Daily Doses of the Arts, as taught by Daisy Fancourt","“Art—alongside diet, sleep, exercise, and nature, is the forgotten fifth pillar of health.” —Daisy Fancourt, author Art Cure: How the Arts Save Lives Pleasure reading – mandatory. Listening to your favorite music – a have-to, not a want. Dancing – required pa…",Thesimplyluxuriouslife.com,Simply Luxurious,https://thesimplyluxuriouslife.com/podcast421/
9,MO,"Altria Group, Inc.",2026-03-04 02:57:16+00:00,Starlink’s $39 Deal Lures New Customers With 6-Month Discount,"SpaceX is offering a 'six month service offer' that temporarily reduces the monthly fee for the Starlink Residential plans by $11 per month.
In a new promotion, SpaceX is temporarily dropping the price for Starlink even more in an effort to lure new US custom…",PCMag.com,Michael Kan,https://me.pcmag.com/en/networking/35735/starlinks-39-deal-lures-new-customers-with-6-month-discount
10,MO,"Altria Group, Inc.",2026-03-04 02:57:16+00:00,Starlink’s $39 Deal Lures New Customers With 6-Month Discount,"SpaceX is offering a 'six month service offer' that temporarily reduces the monthly fee for the Starlink Residential plans by $11 per month.
In a new promotion, SpaceX is temporarily dropping the price for Starlink even more in an effort to lure new US custom…",PCMag.com,Michael Kan,https://uk.pcmag.com/networking/163565/starlinks-39-deal-lures-new-customers-with-6-month-discount
11,MO,"Altria Group, Inc.",2026-03-04 02:39:00+00:00,"Miller Career rides fast start past Valley Park, advances to Class 3 quarterfinals",It is Miller Career’s sixth trip to the quarterfinals and first since 2015.,STLtoday.com,By Joe Harris | Special to the Post-Dispatch,https://www.stltoday.com/sports/high-school/boys-basketball/article_b4aa1d2b-b855-4390-bdd8-09e2c2314f3d.html
12,MO,"Altria Group, Inc.",2026-03-04 01:35:00+00:00,South Harrison girls withstand Bishop LeBlond comeback to advance to Class 3 State Quarterfinals,"ST. JOSEPH, Mo.— For a second straight game, the South Harrison girls basketball team staved off a late comeback attempt to keep their season alive. In similar fashion to their 43-42 district title win over Lawson, the Bulldogs found themselves up by one in t…",Yahoo Entertainment,,https://consent.yahoo.com/v2/collectConsent?sessionId=1_cc-session_48da83e4-93f5-47d5-9d5a-43a62ebc090c
13,MO,"Altria Group, Inc.",2026-03-04 01:32:38+00:00,"Luke Grimes Was 'Really Upset' About (Spoiler's) Death On Marshals, But He Also Explained Why It's 'A Good Idea'",He sees both sides.,CinemaBlend,Riley Utley,https://www.cinemablend.com/television/luke-grimes-really-upset-monica-death-marshals-also-why-good-idea
14,MO,"Altria Group, Inc.",2026-03-04 01:26:00+00:00,HuaweiHuawei、スマート工場アーキテクチャ高度化の推進を目的とした完全接続型産業ネットワーク（Fully Connected Industrial Networks）報告書を発表,バルセロナ（スペイン）、2026年3月3日 /PRNewswire/ -- MWC Barcelona 2026の開催期間中、Huaweiは「インテリジェント・ファクトリーの高度化によるデジタル生産性の向上（Intelligent Factory Upgrades Boost Digital Productivity）」をテーマに、「製造業および大企業フォーラム（Manufacturing and Large Enterpris...,CNET,,https://japan.cnet.com/release/31151357/
15,MO,"Altria Group, Inc.",2026-03-04 01:21:39+00:00,Democrats Raise Alarms About Trump’s War In Iran After Classified Briefing,"“I'm more convinced now that this is going to be open-ended and forever,"" Sen. Chris Murphy (D-Conn.) said after a briefing on Iran on Tuesday.",HuffPost,HuffPost,https://www.huffpost.com/entry/democrats-raise-alarms-trump-iran-war_n_69a75d90e4b0c9c664ada332
16,MO,"Altria Group, Inc.",2026-03-04 00:48:36+00:00,Trump officials tell Congress Iran will be hit with 'overwhelming' firepower in the coming days,"Trump administration officials told Congress to expect an ""overwhelming"" and bigger wave of military strikes on Iran in the coming days.",NBC News,"Scott Wong, Julie Tsirkin, Owen Hayes",https://www.nbcnews.com/politics/congress/trump-officials-tell-congress-iran-will-hit-overwhelming-firepower-com-rcna261523
17,MO,"Altria Group, Inc.",2026-03-04 00:29:09+00:00,Slot frustrated after Liverpool suffer late heartbreak again in Wolves stunner,Arne Slot admitted Liverpool must solve their habit of conceding late goals to save their troubled season after Tuesday's embarrassing 2-1 defeat at bottom of the table Wolves. Slot's side fell behind to Rodrigo Gomes' strike with 12 minutes left at Molineux …,Japan Today,,https://japantoday.com/category/sports/slot-frustrated-after-liverpool-suffer-late-heartbreak-again-in-wolves-stunner
18,MO,"Altria Group, Inc.",2026-03-04 00:00:00+00:00,Study on the strength properties of coir fiber reinforced concrete containing waste brick powder dust as sand replacement,Scientific Reports - Study on the strength properties of coir fiber reinforced concrete containing waste brick powder dust as sand replacement,Nature.com,"Murugesan Palaniappan, S. Anandaraj, Thulasimani Murugesan, Dawit Tafesse Gebreyohannes",https://www.nature.com/articles/s41598-026-42480-5
19,MO,"Altria Group, Inc.",2026-03-04 00:00:00+00:00,POLAR-DETR: Polarized occlusion-aware local-global attention real-time detection transformer for total laboratory automation,"The deployment of Total Laboratory Automation (TLA) systems in medical production lines faces challenges including spatial constraints, dense object distributions, and severe occlusions, rendering traditional detection methods inadequate. This paper proposes …",Nature.com,"Yunqin Zu, Siqi Li, Lixun Zhang",https://www.nature.com/articles/s41598-026-42038-5
20,MO,"Altria Group, Inc.",2026-03-04 00:00:00+00:00,Low-Valent Mo Single Atoms Stabilized by Electronegative Oxygen Coordination Enables Efficient Water Oxidation,"Chem. Sci., 2026, Accepted ManuscriptDOI: 10.1039/D6SC00877A, Edge Article Open Access &nbsp This article is licensed under a Creative Commons Attribution-NonCommercial 3.0 Unported Licence.Yang Yang, Ji-Kai Li, Qian-Nan Yang, Yibin Yang, Jianhua Meng, Lin Zh…",Royal Society of Chemistry,"Yang Yang, Ji-Kai Li, Qian-Nan Yang, Yibin Yang, Jianhua Meng, Lin Zhang, Ying-Dan Wu, Ke-Xiang Wang, Huan Chen, Zhiyuan Jiang, Rui Chao, Weitao Wang, Xiao Ma, Zhao-Tie Liu",https://pubs.rsc.org/en/content/articlelanding/2026/sc/d6sc00877a
21,MO,"Altria Group, Inc.",2026-03-03 23:40:00+00:00,Slot says Liverpool’s defeat to Wolves was ‘the same old story’,"Arne Slot says Liverpool’s defeat to Wolves summed up the story of their season.Andre struck late to win the game 2-1 for the Premier League’s bottom side, after Mo Salah had equalised following R...",Yahoo Entertainment,,https://consent.yahoo.com/v2/collectConsent?sessionId=1_cc-session_5bbe8421-c915-4d6b-8935-06622e58dfe8
22,MO,"Altria Group, Inc.",2026-03-03 23:39:00+00:00,"'Tough': Grandfather, grandson get ready for final stretch of basketball together","CARL JUNCTION, Mo. — That orange ball will always have air in it. It will always bounce. You can always put up another shot. But it won’t always be the same as it once was. Bobby Waggoner knows that all too well after 76 years of life, 48 of those coaching an…",Yahoo Entertainment,,https://consent.yahoo.com/v2/collectConsent?sessionId=1_cc-session_16ec18ca-bafd-4c77-bb40-753a20288cb5
23,MO,"Altria Group, Inc.",2026-03-03 23:10:00+00:00,Virgil van Dijk says Liverpool were ‘slow and predictable’ in loss to Wolves,"Liverpool captain Virgil van Dijk says his side were too slow, predictable and sloppy in their defeat to bottom club Wolves.Arne Slot’s side were beaten 2-1 at Molineux, with Andre scoring a deflect...",Hayters.com,Hayters TV,https://hayters.com/virgil-van-dijk-says-liverpool-were-slow-and-predictable-in-loss-to-wolves/
24,MO,"Altria Group, Inc.",2026-03-03 23:05:23+00:00,‘Marshals’ Premiere Posts Huge Ratings for CBS,The ‘Yellowstone’ spinoff scores the largest scripted premiere audience without a football lead-in in more than seven years.,Hollywood Reporter,Rick Porter,http://www.hollywoodreporter.com/tv/tv-news/marshals-premiere-ratings-cbs-1236520913/
25,MO,"Altria Group, Inc.",2026-03-03 23:00:22+00:00,‘Marshals’ Premiere Lassos 9.5 Million Viewers on CBS,"The ""Yellowstone"" spinoff marks the most-watched scripted series debut without a football lead-in since 2018
The post ‘Marshals’ Premiere Lassos 9.5 Million Viewers on CBS appeared first on TheWrap.",TheWrap,Jose Alejandro Bastidas,https://www.thewrap.com/creative-content/tv-shows/marshals-ratings-yellowstone-spinoff-cbs/
26,MO,"Altria Group, Inc.",2026-03-03 22:43:49+00:00,Audible launches new low-cost Standard membership plan,"Audible, the Amazon subsidiary, is rolling out a new low-cost membership plan option. The new option, known as Standard, is designed to offer Audible a flexible, lower-priced entry point. Standard subscribers can select one audiobook per month from Audible’s …",MobileSyrup,Matthew Mountjoy,https://mobilesyrup.com/2026/03/03/audible-launches-new-low-cost-standard-membership-plan/
27,MO,"Altria Group, Inc.",2026-03-03 22:29:09+00:00,Wolves deal Liverpool huge blow with shock win after Mo Salah ends four-month wait for goal,"Liverpool’s desperately disappointing season hit a horrible new low last night, as another woeful display ended in a miserable defeat against the team sitting rock bottom of the Premier League.",Independent.ie,Kevin Palmer,https://www.independent.ie/sport/soccer/premier-league/wolves-deal-liverpool-huge-blow-with-shock-win-after-mo-salah-ends-four-month-wait-for-goal/a1843040959.html
28,MO,"Altria Group, Inc.",2026-03-03 22:25:00+00:00,(Video) Salah ends Premier League goal drought as Reds fall to dismal defeat,Mo Salah netted his first Premier League goal since November to drag Liverpool level late on at Molineux before the hosts scored a injury-time winner to earn all three points.The Egyptian King pounced...,Empire of The Kop,Empire of the Kop,https://www.empireofthekop.com/2026/03/03/video-salah-ends-premier-league-goal-drought-as-reds-fall-to-dismal-defeat/
29,MO,"Altria Group, Inc.",2026-03-03 22:13:16+00:00,"Wolves 2, Liverpool 1 – Match Recap",A look back at the key moments in Liverpool's defeat to Wolves in the Premier League.,SB Nation,Zachary Marx,https://liverpooloffside.sbnation.com/liverpool-champions-league-coverage/78976/wolves-2-liverpool-1-match-recap
30,MO,"Altria Group, Inc.",2026-03-03 22:04:20+00:00,"WATCH: Retiring Republican Thom Tillis Complains About Too Many Deportations, Calls Kristi Noem's Leadership 'a Disaster'","Homeland Security chief Kristi Noem faced down Democratic Senators who used a hearing to complain about ICE enforcement.
The post WATCH: Retiring Republican Thom Tillis Complains About Too Many Deportations, Calls Kristi Noem’s Leadership ‘a Disaster’ appeare…",Breitbart News,Neil Munro,https://www.breitbart.com/economy/2026/03/03/watch-republican-thom-tillis-complains-about-too-many-deportations-calls-kristi-noems-leadership-a-disaster/
31,MO,"Altria Group, Inc.",2026-03-03 21:13:48+00:00,"In Opioid Crisis Film ‘The Hotline,’ A Phone Connection Serves As “Fragile Tether Between Life And Death” – True/False Film Fest","EXCLUSIVE: In the years since 2017 when the opioid epidemic was declared a public health emergency, more than half a million Americans have died of opioid overdoses, according to KFF (formerly the Kaiser Family Foundation). The new documentary The Hotline, pr…",Deadline,Matthew Carey,http://deadline.com/2026/03/the-hotline-true-false-festival-premiere-1236742794/
32,MO,"Altria Group, Inc.",2026-03-03 21:10:55+00:00,clawguard-shield added to PyPI,Python SDK for ClawGuard Shield — AI Agent Security Scanning API,Pypi.org,michno.jrg@gmail.com,https://pypi.org/project/clawguard-shield/
33,MO,"Altria Group, Inc.",2026-03-03 21:06:32+00:00,News 3/4/26,Top News Findhelp secures $250 million in new funding. Reader ...,Histalk2.com,Jennifer,https://histalk2.com/2026/03/03/news-3-4-26/
34,MO,"Altria Group, Inc.",2026-03-03 20:14:18+00:00,We've freed Cookie's Bustle from copyright hell,We've stopped a persistent copyright troll who was trying to impede our work. Here's everything we learned—and how we beat them.,Gamehistory.org,Phil Salvador,https://gamehistory.org/cookies-bustle/
35,MO,"Altria Group, Inc.",2026-03-03 20:02:08+00:00,Show HN: AI content flywheel – 6x reach repurposing blogs to social/video,"Six months ago we spent 25h/week manually creating content across Twitter, Reddit, LinkedIn, and video. We built an AI content flywheel that turns one blog post into 20+ pieces automatically.*Results (30 days):*| Metric | Before | After |
|--------|--------|-…",Hacker News,jackcofounder,https://news.ycombinator.com/item?id=47238088
36,MO,"Altria Group, Inc.",2026-03-03 20:00:00+00:00,theScore Bet bonus code NPNEWS: Get a bet reset for the Arnold Palmer Invitational,"New bettors can use theScore Bet bonus code NPNEWS to get a bet reset up to $1,000.",New York Post,Michael Leboff,https://nypost.com/2026/03/03/betting/thescore-bet-bonus-code-npnews-get-a-bet-reset-for-the-arnold-palmer-invitational/
37,MO,"Altria Group, Inc.",2026-03-03 19:59:27+00:00,Republicans finally questioned the Clintons about Epstein. They also asked about UFOs and pizzagate,"A House committee labored for six months to question Bill Clinton and Hillary Clinton. Once they finally had a chance, the sessions veered off track.",PBS,Associated Press,https://www.pbs.org/newshour/nation/republicans-finally-questioned-the-clintons-about-epstein-they-also-asked-about-ufos-and-pizzagate
38,MO,"Altria Group, Inc.",2026-03-03 19:55:56+00:00,"Greg Mendez Announces Album and Tour, Shares Video for New Song",The Philadelphia singer-songwriter will bring Beauty Land across North America after its May 29 release,Pitchfork,Kiana Mickles,https://pitchfork.com/news/greg-mendez-announces-album-and-tour-shares-video-for-new-song/
39,MO,"Altria Group, Inc.",2026-03-03 19:43:48+00:00,Show HN: I built a tool that rewrites angry emails into polite professional ones,Paste your angry email or message and get an instant AI-powered polite rewrite. Stop burning bridges — send better messages.,Angrytopolite.com,crawde,https://angrytopolite.com
40,MO,"Altria Group, Inc.",2026-03-03 19:02:17+00:00,"JFK's grandson rips 'Love Story' series about late uncle JFK Jr and Carolyn Bessette, calls it 'grotesque'","JFK's grandson Jack Schlossberg slammed Hulu's ""Love Story"" series about JFK Jr. and Carolyn Bessette, calling the series a ""grotesque display"" of his uncle's life.",Fox News,,https://www.foxnews.com/media/jfks-grandson-rips-love-story-series-about-late-uncle-carolyn-bessette-calls-fictional-grotesque
41,MO,"Altria Group, Inc.",2026-03-03 19:02:15+00:00,Wolves v Liverpool: Line-ups confirmed as Frimpong starts for Reds,"Bottom-placed Wolves welcome Liverpool to Molineux in a fixture that carries vastly different stakes for each side. The hosts, rooted to the foot of the table with just 13 points from 29 games, are all but condemned to relegation but have shown encouraging si…",101 Great Goals,Tom Rostance,https://www.101greatgoals.com/football/premier-league/wolves-v-liverpool-line-ups-confirmed-as-frimpong-starts-for-reds/
42,MO,"Altria Group, Inc.",2026-03-03 19:00:00+00:00,"Fanatics Sportsbook promo code NYPOST: Get up to $1,000 matched in FanCash for Georgetown vs. St. John’s","Get up to $1,000 matched in FanCash for St. John's vs. Georgetown.",New York Post,Michael Leboff,https://nypost.com/2026/03/03/betting/fanatics-sportsbook-promo-code-nypost-get-up-to-1000-matched-in-fancash-for-georgetown-vs-st-johns/
43,MO,"Altria Group, Inc.",2026-03-03 18:41:07+00:00,git-shortcuts added to PyPI,Enhanced git workflow utilities with smart conflict resolution and branch management,Pypi.org,kyle@lahnakoski.com,https://pypi.org/project/git-shortcuts/
44,MO,"Altria Group, Inc.",2026-03-03 18:36:50+00:00,Top 2026 girls high school basketball recruits,Girls high school basketball enters the March rush with 25 athletes atop the 2026 recruiting rankings.,Usatodayhss.com,"Joe Spears, USA TODAY High School Sports",https://www.usatodayhss.com/story/sports/high-school/girls-basketball/2026/03/03/girls-high-school-basketball-rankings-2026-recruits/88961746007/
45,MO,"Altria Group, Inc.",2026-03-03 18:27:14+00:00,DHS blasts Spanberger on potential release of illegal migrant with 30+ arrests currently charged with murder,DHS clashes with Virginia governor over accused murderer's release. Immigration dispute erupts after illegal immigrant with 30+ arrests charged.,Fox News,,https://www.foxnews.com/politics/dhs-blasts-spanberger-over-potential-release-illegal-migrant-30-arrests-currently-charged-murder
46,MO,"Altria Group, Inc.",2026-03-03 18:24:58+00:00,The dream of the ’90s is alive in retro TV reboots from prestige directors,"What's the deal with all the '90s TV reboots, and the Oscar-nominated likes of Ryan Coogler and Chloé Zhao stepping behind the camera to revisit decades-old properties like ""The X-Files"" and ""Buffy the Vampire Slayer?""",Boston Herald,Jami Ganz,https://www.bostonherald.com/2026/03/03/90s-tv-reboots-ryan-coogler-chloe-zhao-x-files-buffy-baywatch-pitt/
47,MO,"Altria Group, Inc.",2026-03-03 18:15:00+00:00,EXCLUSIVE: Tim Tebow to Expose Child Trafficking Crisis in Capitol Hill Testimony,"FIRST ON THE DAILY SIGNAL — Tim Tebow, NCAA football legend, broadcaster, and philanthropist, will be on Capitol Hill Tuesday afternoon testifying in front of the Senate Judiciary... Read More
The post EXCLUSIVE: Tim Tebow to Expose Child Trafficking Crisis i…",Daily Signal,Virginia Grace McKinnon,https://www.dailysignal.com/2026/03/03/tim-tebow-testifies-capitol-hill-expose-child-trafficking-crisis/
48,MO,"Altria Group, Inc.",2026-03-03 18:02:04+00:00,You are going to get priced out of the best AI coding tools,The best AI tools will become far more expensive. Andy Warhol famously said:,Danielpaleka.com,Daniel Paleka,https://newsletter.danielpaleka.com/p/you-are-going-to-get-priced-out-of
49,MO,"Altria Group, Inc.",2026-03-03 18:00:00+00:00,"UAH v6.1 Global Temperature Update for February, 2026: +0.39 deg. C","The Version 6.1 global average lower tropospheric temperature (LT) anomaly for February, 2026 was +0.39 deg. C departure from the 1991-2020 mean, up a little from the January, 2026 value of +0.35 deg. C.",Wattsupwiththat.com,Guest Blogger,https://wattsupwiththat.com/2026/03/03/uah-v6-1-global-temperature-update-for-february-2026-0-39-deg-c/
50,MO,"Altria Group, Inc.",2026-03-03 17:35:16+00:00,Republicans In Disarray On Trump’s Iran War,"Four days into a war that has already left six U.S. service members dead, GOP members of Congress offered distinctly different justifications for the strikes, ranging from regime change to nuclear disarmament.",HuffPost,HuffPost,https://www.huffpost.com/entry/iran-war-trump_n_69a70aa9e4b0085f2329ca84
51,MO,"Altria Group, Inc.",2026-03-03 17:00:07+00:00,"Levitt Pavilion’s free summer concerts for 2026: Rebirth Brass Band, Sunsquabi and more","Levitt Pavilion Denver on Tuesday revealed its first lineup of free concerts for 2026, including local hip hop, Grateful Dead and Fleetwood Mac tributes, and opera from Central City.",The Denver Post,John Wenzel,https://www.denverpost.com/2026/03/03/levitt-pavilions-free-summer-concerts-2026-tickets-rsvp/
52,MO,"Altria Group, Inc.",2026-03-03 17:00:00+00:00,ASM reports Q4 and full-year 2025 results,"Almere, The NetherlandsMarch 3, 2026, 6 p.m. CETDouble‑digit growth in 2025, strong 2026 ahead  ASM International N.V. (Euronext Amsterdam: ASM) today...",GlobeNewswire,ASM International NV,https://www.globenewswire.com/news-release/2026/03/03/3248697/0/en/ASM-reports-Q4-and-full-year-2025-results.html
53,MO,"Altria Group, Inc.",2026-03-03 16:59:19+00:00,The Sex Pistols announce 2026 tour featuring Frank Carter. Get tickets now,The anarchist legends swoop into the City of Brother Love on Sept. 25.,New York Post,Matt Levy,https://nypost.com/2026/03/03/ticket-sales/get-tickets-for-sex-pistols-2026-tour-featuring-frank-carter/
54,MO,"Altria Group, Inc.",2026-03-03 16:19:06+00:00,"Luke Grimes leads emotional Yellowstone Spin-Off Marshals, Monica Dutton’s shocking fate revealed","Marshals, the new Yellowstone spin-off featuring Luke Grimes, follows Kayce Dutton as he embarks on a “new beginning” by joining an elite U.S. Marshals team in Montana. Returning cast members are Brecken Merrill, Gil Birmingham, and Mo Brings Plenty. Creator …",The Times of India,Advaita Suresh,https://economictimes.indiatimes.com/news/international/us/luke-grimes-leads-emotional-yellowstone-spin-off-marshals-monica-duttons-shocking-fate-revealed/articleshow/128981107.cms
55,MO,"Altria Group, Inc.",2026-03-03 16:00:00+00:00,"‘The Great Experiment,’ Premiering At True/False Film Fest, Explores America At Moment Of Intense Division","EXCLUSIVE: The State of the Union, as mandated by the Constitution, requires the president to report to Congress annually on the current condition of the United States. In his SOTU last week, Donald Trump used the address to attack Democrats, accusing them of…",Deadline,Matthew Carey,http://deadline.com/2026/03/the-great-experiment-clip-premiere-1236742173/
56,MO,"Altria Group, Inc.",2026-03-03 15:55:41+00:00,Charley Crockett Announces 39-Date “Age of the Ram Tour”,"Sierra Hull, Nat Myers, Margo Price, Durand Jones & The Indications, and more will provide support on select dates.
Charley Crockett Announces 39-Date “Age of the Ram Tour”
Ben Kaye",Consequence.net,Ben Kaye,https://consequence.net/2026/03/charley-crockett-age-of-the-ram-tour/
57,MO,"Altria Group, Inc.",2026-03-03 15:47:06+00:00,Greg Mendez Books 2026 North American Tour,"Philadelphia, PA-based singer-songwriter Greg Mendez has announced his new album 'Beauty Land' (out May 29 on Dead Oceans), alongside a",Exclaim!,Megan LaPierre,https://exclaim.ca/music/article/greg-mendez-books-2026-north-american-tour
58,MO,"Altria Group, Inc.",2026-03-03 15:02:10+00:00,Echoes: The Reason Behind Pakistan's Absence from the Oscars Race,"It is heartbreaking to know that Pakistan's officially selected Oscar submission, Hun Dan - An Echo of a Dirge, failed to reach the Academy Awards due to administrative hurdles and documentation issues. It was Pakistan's first Burushaski language film, direct…",Screenanarchy.com,https://facebook.com/ https://www.facebook.com/madiha.ali.712714,https://screenanarchy.com/2026/03/echoes-the-reason-behind-pakistans-absence-from-the-oscars-race.html
59,MO,"Altria Group, Inc.",2026-03-03 15:00:00+00:00,"BetMGM bonus code NYPDM1500: Get a 20% first deposit match up to $1,500 for Tuesday’s NHL slate","BetMGM bonus code NYPDM1500 activates a promotion for new users to get a 20 percent first deposit match up to $1,500 in bonus bets.",New York Post,Michael Leboff,https://nypost.com/2026/03/03/betting/betmgm-bonus-code-nypdm1500-get-a-20-first-deposit-match-up-to-1500-for-tuesdays-nhl-slate/
60,MO,"Altria Group, Inc.",2026-03-03 14:32:43+00:00,mo-threads 6.704.26062,More Threads! Simpler and faster threading.,Pypi.org,kyle@lahnakoski.com,https://pypi.org/project/mo-threads/6.704.26062/
61,MO,"Altria Group, Inc.",2026-03-03 14:00:00+00:00,Type VI secretion system degeneration accelerates intestinal epithelial cell death in Escherichia coli O157:H7,"Author summary Many Gram-negative bacterial pathogens can employ a type VI secretion system (T6SS) to exert their virulence. However, Escherichia coli O157:H7 (EHEC) T6SS is degenerated and exhibits higher cytotoxicity toward epithelial cells during infection…",Plos.org,"Zhibin Sun, Chao Dong, Pengcheng Zhou, Quanquan Guan, Zhongli Cui, Yankai Xia, Yu-Feng Yao",https://journals.plos.org/plospathogens/article?id=10.1371/journal.ppat.1014039
62,MO,"Altria Group, Inc.",2026-03-03 14:00:00+00:00,UHPLC-QTOF-MS/MS-based metabolomic discovery of anticancer compounds in ethanolic extracts of Ficus hispida L. f.,"Ficus hispida L. f. (F. hispida) is commonly used in traditional medicine for various health problems. No comprehensive analysis of all its components has yet been undertaken, despite researchers having explored its chemical constituents and biological activi…",Plos.org,"Saengrawee Thammawithan, Jirattiporn Thanuma, Sirinya Sitthirak, Chadapohn Panplu, Thapanee Pruksatrakul, Piya Prajumwongs, Arporn Wangwiwatsin, Poramate Klanrit, Watcharin Loilome, Nisana Namwat",https://journals.plos.org/plosone/article?id=10.1371/journal.pone.0343411
63,MO,"Altria Group, Inc.",2026-03-03 14:00:00+00:00,Tonsil-derived mesenchymal stem cells alleviate skin inflammation by modulating neutrophil extracellular trap formation and T cell migration,"Skin inflammation arises from complex interactions among immune cells, particularly T cells and neutrophils. Mesenchymal stem cells (MSCs) exhibit potent immunomodulatory properties, but the specific roles of tonsil-derived MSCs (T-MSCs) in regulating neutrop…",Plos.org,"Hyun Ju Kim, Kyung-Ah Cho, So-Youn Woo",https://journals.plos.org/plosone/article?id=10.1371/journal.pone.0343617
64,MO,"Altria Group, Inc.",2026-03-03 14:00:00+00:00,Magnesium depletion by Candida albicans unleashes two unusual modes of colistin resistance in Pseudomonas aeruginosa with different fitness costs,Bacterial resistance to the vital last-resort antibiotic colistin is an increasing challenge. This study shows that magnesium sequestration by C. albicans enables P. aeruginosa to evolve much higher levels of colistin resistance via changes in lipid A biosynt…,Plos.org,"Yu-Ying Phoebe Hsieh, Ian P. O’Keefe, Zeqi Wang, Wanting Sun, Hyojik Yang, Linda M. Vu, Nicole E. Smalley, Robert K. Ernst, Ajai A. Dandekar, Harmit S. Malik",https://journals.plos.org/plosbiology/article?id=10.1371/journal.pbio.3003673
65,MO,"Altria Group, Inc.",2026-03-03 14:00:00+00:00,Single-cell transcriptomic profiling of C. elegans Q neuroblast lineage during migration and differentiation,"Proper migration and differentiation of neuroblasts into neurons are essential for the development of a healthy nervous system. In this context, the asymmetrical migration of Caenorhabditis elegans Q neuroblasts provides a powerful model for studying the gene…",Plos.org,"Felipe L. Teixeira, Brian Sanderson, Jennifer L. Hackett, Erik A. Lundquist",https://journals.plos.org/plosone/article?id=10.1371/journal.pone.0343734
66,MO,"Altria Group, Inc.",2026-03-03 13:56:40+00:00,Show HN: Reflectt-node – AI agents who built our own task board. Here it is,"Article URL: https://github.com/reflectt/reflectt-node
Comments URL: https://news.ycombinator.com/item?id=47232364
Points: 1
# Comments: 1",Github.com,reflectt,https://github.com/reflectt/reflectt-node
67,MO,"Altria Group, Inc.",2026-03-03 13:00:00+00:00,"bet365 bonus code NYPBET: Bet $5, get $150 in bonus bets for Tuesday’s Premier League matches",Sign up for bet365 and grab $150 in bonus value for the Premier League.,New York Post,Michael Leboff,https://nypost.com/2026/03/03/betting/bet365-bonus-code-nypbet-bet-5-get-150-in-bonus-bets-for-tuesdays-premier-league-matches/
68,MO,"Altria Group, Inc.",2026-03-03 12:40:27+00:00,"Republican Study Committee Members Demand Democrats End DHS Shutdown amid Operation Epic Fury, Austin Shooting","More than a dozen Republican Study Committee members are urging Senate Democrats to end the Department of Homeland Security (DHS) funding lapse, warning it is disrupting key security and operational functions as U.S. combat operations in Iran continue and inv…",Breitbart News,Jasmyn Jordan,https://www.breitbart.com/politics/2026/03/03/republican-study-committee-members-demand-democrats-end-dhs-shutdown-amid-operation-epic-fury-austin-shooting/
69,MO,"Altria Group, Inc.",2026-03-03 12:33:00+00:00,What Happened to Monica on Marshals? Series Premiere Reveals Her Fate,Wondering what happened to Yellowstone fan favorite Monica on Marshals? The season premiere revealed her fate.,Cosmopolitan.com,Mehera  Bonner,https://www.cosmopolitan.com/entertainment/celebs/a70585804/what-happened-to-monica-on-marshals/
70,MO,"Altria Group, Inc.",2026-03-03 12:27:27+00:00,Pizzagate and UFOs among questions Republicans have for Clintons over Epstein,"“I am done with this if you guys are doing that,” Hillary Clinton said. “You can hold me in contempt from now until the cows come home.”",Fortune,"Stephen Groves, The Associated Press",https://fortune.com/2026/03/03/pizzagate-and-ufos-among-questions-republicans-have-for-clintons-over-epstein/
71,MO,"Altria Group, Inc.",2026-03-03 12:14:58+00:00,Show HN: Web2cli – Every website is a Unix command,"Article URL: https://github.com/jb41/web2cli
Comments URL: https://news.ycombinator.com/item?id=47231270
Points: 2
# Comments: 1",Github.com,michaeloblak,https://github.com/jb41/web2cli
72,MO,"Altria Group, Inc.",2026-03-03 11:53:16+00:00,Kim Min Ju Reflects On Playing A Pure-Hearted Character Who Grows Through Life’s Challenges In “Still Shining”,Kim Min Ju has shared her thoughts on her upcoming drama “Still Shining”! “Still Shining” is a drama about young people who once shared a world of their own and gradually become each other’s source of trust and the light that guides their lives. Kim Min Ju pl…,soompi,MLim,http://www.soompi.com/article/1822539wpp/kim-min-ju-reflects-on-playing-a-pure-hearted-character-who-grows-through-lifes-challenges-in-still-shining
73,MO,"Altria Group, Inc.",2026-03-03 11:00:43+00:00,"2026 NFL free agency primer: Projected free agents, top needs, cap space for all 32 teams this offseason","All the free agents across the league, and a team-by-team outlook at teams' salary cap status, pending free agents and needs",CBS Sports,Garrett Podell,https://www.cbssports.com/nfl/news/2026-nfl-free-agency-primer-cap-space-for-all-32-teams/
74,MO,"Altria Group, Inc.",2026-03-03 10:59:00+00:00,Annexus and Americo Announce Strategic Partnership with Launch of Americo Benchmark Flex Fixed Indexed Annuity Suite,"SCOTTSDALE, Ariz., March 03, 2026 (GLOBE NEWSWIRE) -- Annexus, a leading designer of innovative retirement solutions, today announced a new strategic partnership with Americo Financial Life and Annuity Insurance Company (Americo), a leading provider of insura…",GlobeNewswire,Annexus,https://www.globenewswire.com/news-release/2026/03/03/3248111/0/en/Annexus-and-Americo-Announce-Strategic-Partnership-with-Launch-of-Americo-Benchmark-Flex-Fixed-Indexed-Annuity-Suite.html
75,MO,"Altria Group, Inc.",2026-03-03 10:39:59+00:00,Britain’s Political Eruption,"And you don’t have to be much of a political strategist to work out that voters are going to punish a social democratic party for not looking after the health sector, or for a weak economy—one a core trusted issue, the other a basic test of government compete…",Resilience,Andrew Curry,https://www.resilience.org/stories/2026-03-03/britains-political-eruption/
76,MO,"Altria Group, Inc.",2026-03-03 10:21:35+00:00,Park Jinyoung And Kim Min Ju Rate Their Chemistry 100 Points And Reflect On Their Characters’ Bond In “Still Shining”,Park Jinyoung and Kim Min Ju have shared more insights into their upcoming drama “Still Shining”! “Still Shining” is a drama about young people who once shared a world of their own and gradually become each other’s source of trust and the light that guides th…,soompi,MLim,http://www.soompi.com/article/1822525wpp/park-jinyoung-and-kim-min-ju-rate-their-chemistry-100-points-and-reflect-on-their-characters-bond-in-still-shining
77,MO,"Altria Group, Inc.",2026-03-03 09:36:00+00:00,What do the latest club financial results tell us?,The Premier League's biggest clubs have recently published their financial results for the 2024-25 season.,Sky Sports,,https://www.skysports.com/football/news/11095/13514540/premier-league-club-finances-what-have-we-learned-from-arsenal-chelsea-liverpool-man-utd-spurs-and-west-ham-accounts
78,MO,"Altria Group, Inc.",2026-03-03 09:10:00+00:00,Liverpool's new Florian Wirtz: Your time is now,Liverpool need someone to step up and be their new Florian Wirtz. The Reds are crying out for it.Florian Wirtz had a slow start to life at Liverpool but there's no question that they miss him when he'...,Anfieldwatch.co.uk,Anfield Watch,https://www.anfieldwatch.co.uk/liverpool-fc/news/liverpools-new-florian-wirtz-your-time-is-now/
79,MO,"Altria Group, Inc.",2026-03-03 09:00:37+00:00,"FOG Architecture designs Beijing spa to be more than a ""quiet place""","Chinese studio FOG Architecture has designed warm and relaxing interiors for YUSPA in Beijing, China, using subtle transitions of lighting and materials. FOG Architecture designed the YUSPA retail spa within the Sanlitun shopping district to give customers a …",Dezeen,Christina Yao,https://www.dezeen.com/2026/03/03/yuspa-spa-beijing-china-fog-architecture/
80,MO,"Altria Group, Inc.",2026-03-03 08:20:00+00:00,Liverpool coach was wowed by one Reds player’s ‘exceptional’ moment in weekend win,"Liverpool under-21 manager Rob Page has praised Kieran Morrison for an ‘exceptional’ goal in their latest victory, while also lauding the increased maturity from the youngster since he was named t...",Empire of The Kop,Empire of the Kop,https://www.empireofthekop.com/2026/03/03/rob-page-wowed-by-exceptional-morrison-moment-in-liverpool-u21-win/
81,MO,"Altria Group, Inc.",2026-03-03 07:35:00+00:00,Former Liverpool striker explains why he wouldn’t want Mo Salah as a teammate at Anfield,Former Liverpool striker Emile Heskey has explained why he wouldn’t like to have played in the same team as Mo Salah.DOWNLOAD THE OFFICIAL EMPIRE OF THE KOP APP FOR ALL THE LATEST & BREAKING UPDATES...,Yahoo Entertainment,,https://consent.yahoo.com/v2/collectConsent?sessionId=1_cc-session_dcfe03a2-a1cc-46f4-a9f4-77ee148225f1
82,MO,"Altria Group, Inc.",2026-03-03 06:50:22+00:00,Show HN: C-Suite Skills – a full exec team as skills,"Solo founder problem: every decision requires context your tools don't have. ""Should I cut this feature?"" requires knowing your runway, your ICP, your positioning, and your roadmap simultaneously.The Tech Worker Shift: As AI evolves and companies adopt it rap…",Github.com,pollow,https://github.com/pollow/c-suite-skills
83,MO,"Altria Group, Inc.",2026-03-03 06:13:00+00:00,Surety Industry Advances Critical Federal Policy,"Washington, D.C., United States, March  03, 2026  (GLOBE NEWSWIRE) -- Largest Legislative Fly-In Brings Industry Message to Congress  The Surety &...",GlobeNewswire,The Surety & Fidelity Association of America (SFAA),https://www.globenewswire.com/news-release/2026/03/03/3247990/0/en/Surety-Industry-Advances-Critical-Federal-Policy.html
84,MO,"Altria Group, Inc.",2026-03-03 06:00:30+00:00,Prabowo’s Peacemaker Campaign Now Extends to Iran,Indonesia’s president offers to facilitate negotiations after U.S. and Israeli strikes.,Foreign Policy,Joseph Rachman,http://foreignpolicy.com/2026/03/03/prabowo-indonesia-southeast-asia-iran-strikes/
85,MO,"Altria Group, Inc.",2026-03-03 05:30:00+00:00,"‘Online influencers have made Irish a worldwide thing, which is great,’ says sean-nós singer Róisín Seoighe","The Irish language has become a “worldwide” phenomenon thanks to the succ­essful efforts of artists and social media personalities to promote it, said Róisín Seoighe, an ambassador for this year’s Seachtain na Gaeilge.",Independent.ie,Keith Kelly,https://www.independent.ie/irish-news/online-influencers-have-made-irish-a-worldwide-thing-which-is-great-says-sean-nos-singer-roisin-seoighe/a216318401.html
86,MO,"Altria Group, Inc.",2026-03-03 05:01:00+00:00,The Ones to Watch During the Fall 2026 Paris Fashion Week,"WWD's Ones to Watch for Fall 2026 in Paris are South Korea's Bonbom, Eenk and Démoo as well as zero-waste plant-based label Jiwya from India.",WWD,Lily Templeton,http://wwd.com/fashion-news/designer-luxury/paris-fashion-week-ones-to-watch-fall-2026-1238639542/
87,ADM,Archer-Daniels-Midland Company,2026-03-04 01:30:00+00:00,HII’s Ingalls Shipbuilding Authenticates Keel of Philadelphia (LPD 32),"PASCAGOULA, Miss., March 03, 2026 (GLOBE NEWSWIRE) -- HII’s (NYSE: HII) Ingalls Shipbuilding division authenticated the keel today for the future USS Philadelphia (LPD 32), a Flight II San Antonio-class amphibious transport dock ship.",GlobeNewswire,HII,https://www.globenewswire.com/news-release/2026/03/04/3249015/14858/en/HII-s-Ingalls-Shipbuilding-Authenticates-Keel-of-Philadelphia-LPD-32.html
88,ADM,Archer-Daniels-Midland Company,2026-03-04 01:16:21+00:00,"CENTCOM commander: Nearly 2,000 Iranian targets struck in Operation Epic Fury","CENTCOM commander Adm. Brad Cooper says US forces have struck nearly 2,000 targets in Iran during Operation Epic Fury, destroying missiles, ships and air defenses while Iran launched hundreds of missiles and drones.",Israelnationalnews.com,Israel National News,https://www.israelnationalnews.com/news/423335
89,ADM,Archer-Daniels-Midland Company,2026-03-03 20:54:49+00:00,"China is moving toward all-nuclear submarine construction in a major strategic shift, US Navy intel chief says","Most of China's submarine fleet is diesel-electric, but Beijing is ramping up production of nuclear-powered classes.",Business Insider,cpanella@businessinsider.com (Chris Panella),https://www.businessinsider.com/china-shifting-to-all-nuclear-submarine-construction-us-navy-intel-2026-3
90,ADM,Archer-Daniels-Midland Company,2026-03-03 18:43:28+00:00,"Iran’s ‘stunning strategic miscalculation’ could accelerate Gulf ties to Israel, ex-CENTCOM director predicts","Iran's regional attacks may have backfired, potentially pushing Gulf states toward formal ties with Israel in a ""strategic miscalculation,"" expert says.",Fox News,,https://www.foxnews.com/media/irans-stunning-strategic-miscalculation-could-accelerate-gulf-ties-israel-ex-centcom-director-predicts
91,ADM,Archer-Daniels-Midland Company,2026-03-03 18:19:36+00:00,Traffic Plan & Advisory for March 04,"TRAFFIC POLICE HEADQUARTERS, J&K, JAMMU/SRINAGARTRAFFIC PLAN & ADVISORY FOR 04-03-2026:-From 02-03-2026, 1600 hrs. to 03-03-2026, 1600 hrs., there was slow movement observed on NH-44 due to single lane traffic between Marog and Kishtwari Pather, in addition t…",Statetimes.in,statetimes_editor,https://statetimes.in/traffic-plan-advisory-for-march-04/
92,ADM,Archer-Daniels-Midland Company,2026-03-03 16:43:11+00:00,‘Be relentlessly lethal’: See the instructions U.S. military got from top admiral just before Iran action,"'Combat is inherently chaotic. The hours, days, and perhaps weeks ahead will challenge you. There will be noise and confusion'",Wnd.com,Bob Unruh,https://www.wnd.com/2026/03/be-relentlessly-lethal-see-instructions-u-s-military/
93,ADM,Archer-Daniels-Midland Company,2026-03-03 13:13:08+00:00,ADM Group buys controlling stake in Thailand’s CCS Advance Tech,"Founded in 2004, CCS Advance Tech operates a large, single-site precision machining facility in Thailand, supplying complex components and assemblies to customers across critical global supply chains.",The Times of India,ET Bureau,https://economictimes.indiatimes.com/industry/indl-goods/svs/engineering/adm-group-buys-controlling-stake-in-thailands-ccs-advance-tech/articleshow/128973501.cms
94,ADM,Archer-Daniels-Midland Company,2026-03-03 12:13:00+00:00,MBF GROUP S.A.: Podpisanie Mutual NDA z Advanced Digital Manufacturing LLC dotyczącej współpracy technologicznej i potencjalnego transferu technologii na rynek USA,"Spis treści:1. RAPORT BIEŻĄCY2. MESSAGE (ENGLISH VERSION)3. INFORMACJE O PODMIOCIE4. PODPISY OSÓB REPREZENTUJĄCYCH SPÓŁKĘ td.td-text, th.td-text { word-break: keep-all; overflow-wrap: break-word; box-sizing: border-box;...",Bankier.pl,Redaktor Bankier.pl,https://www.bankier.pl/wiadomosc/MBF-GROUP-S-A-Podpisanie-Mutual-NDA-z-Advanced-Digital-Manufacturing-LLC-dotyczacej-wspolpracy-technologicznej-i-potencjalnego-transferu-technologii-na-rynek-USA-9092155.html
95,ADM,Archer-Daniels-Midland Company,2026-03-03 10:37:01+00:00,The fight with Iran is putting new stress on Patriot missile stockpiles already facing heavy strain,US officials have expressed concerns on Patriot interceptor stockpiles as recent conflicts have seen reliance on the system.,Business Insider,cpanella@businessinsider.com (Chris Panella),https://www.businessinsider.com/patriot-missiles-fired-in-iran-war-stressing-strained-stockpile-2026-3
96,ADM,Archer-Daniels-Midland Company,2026-03-03 07:57:00+00:00,Takiyuddin apologises for controversial remarks about MMEA exercise,"KUALA LUMPUR: The Dewan Rakyat has accepted an apology from Opposition chief whip Datuk Seri Takiyuddin Hassan over his remarks about an exercise conducted by the Malaysian Maritime Enforcement Agency (MMEA) in Marang, Terengganu, in October last year. Read f…",The Star Online,"TEH ATHIRA YUSOF, KHOO GEK SAN",https://www.thestar.com.my/news/nation/2026/03/03/takiyuddin-apologises-for-controversial-remarks-about-mmea-exercise
97,ADM,Archer-Daniels-Midland Company,2026-03-03 06:00:00+00:00,U.S. intelligence warns new Chinese submarines can target America from coastal waters,China is rapidly building advanced nuclear submarines. This new fleet can target the U.S. from Chinese coastal waters. China’s submarine force is set to grow significantly by 2035. Massive shipyard investments are driving this naval expansion. China also seek…,Naturalnews.com,Cassie B.,https://www.naturalnews.com/2026-03-03-chinese-submarines-target-america-coastal-waters.html
98,ADM,Archer-Daniels-Midland Company,2026-03-03 01:35:02+00:00,How Trump decided to go to war,"Prime Minister Netanyahu's visit to the Oval Office on February 11th solidified President Trump's path to war with Iran. Despite ongoing diplomatic talks, the leaders discussed attack dates, with Trump publicly expressing skepticism of negotiations. Days late…",The Times of India,NYT News Service,https://economictimes.indiatimes.com/news/international/global-trends/iran-israel-us-khamenei-trump-netanyahu-middle-east-how-trump-decided-to-go-to-war/articleshow/128957498.cms
99,BG,Bunge Global SA,2026-03-04 05:00:00+00:00,"Old/New Testament Reading for Wednesday March 4, 2026 (NIV)",,Biblegateway.com,,https://www.biblegateway.com/reading-plans/old-new-testament/2026/03/04/
100,BG,Bunge Global SA,2026-03-04 05:00:00+00:00,"Chronological Reading for Wednesday March 4, 2026 (NIV)",,Biblegateway.com,,https://www.biblegateway.com/reading-plans/chronological/2026/03/04/
101,BG,Bunge Global SA,2026-03-04 03:00:00+00:00,【4月21日(火)開催】オンラインセミナー「慢性腎臓病対策を社会実装する：データ駆動型ヘルスシステム」,"[日本医療政策機構（HGPI）]
[画像: https://prcdn.freetls.fastly.net/release_image/7152/60/7152-60-56a3b8013d0211e7f83ff97de346c3ac-1024x768.png?width=536&quality=85%2C75&format=jpeg&auto=webp&fit=bounds&bg...",Prtimes.jp,,https://prtimes.jp/main/html/rd/p/000000060.000007152.html
102,BG,Bunge Global SA,2026-03-04 01:50:00+00:00,[外観検査ウェビナー開催]自動車ボディなど大型曲面形状に最適な新撮像技術“ダイナミックトレーシング機能”とは？設備導入におすすめの補助金情報も専門家が解説！,"[株式会社デクシス]
[画像: https://prcdn.freetls.fastly.net/release_image/77410/6/77410-6-7490c811ecc8e3d7ee550cd44284b8cf-1366x768.jpg?width=536&quality=85%2C75&format=jpeg&auto=webp&fit=bounds&bg...",Prtimes.jp,,https://prtimes.jp/main/html/rd/p/000000006.000077410.html
103,BG,Bunge Global SA,2026-03-04 01:00:00+00:00,athletia最高レベル*の全身用UVケアが登場。SPF50+／PA++++/UV耐水性★★かつ自然由来指数88％*1の強力シールド*3。,"[株式会社エキップ]
[画像1: https://prcdn.freetls.fastly.net/release_image/14787/488/14787-488-d6520bc85aeb3eb744d406e54df31b82-1920x1080.jpg?width=536&quality=85%2C75&format=jpeg&auto=webp&fit=bounds&...",Prtimes.jp,,https://prtimes.jp/main/html/rd/p/000000488.000014787.html
104,BG,Bunge Global SA,2026-03-03 22:10:08+00:00,Lil Poppa's Son's Mother Shares Her Pain About Rapper's Death,Losing a loved one is never easy. Continue reading…,XXLMAG.COM,Trent Fitzgerald,https://www.xxlmag.com/lil-poppa-mother-son-message/
105,BG,Bunge Global SA,2026-03-03 21:30:03+00:00,Coyote-Powered 1966 Ford Fairlane 500 Hardtop 6-Speed,"This 1966 Ford Fairlane 500 hardtop coupe was acquired by the seller on BaT in December 2022, and a subsequent dyno tune yielded an output of 390 horsepower. The car is powered by a 5.0-liter Coyote V8 mated with a Tremec six-speed manual transmission and a 9…",Bringatrailer.com,bringatrailer,https://bringatrailer.com/listing/1966-ford-fairlane-500-8/
106,BG,Bunge Global SA,2026-03-03 18:14:23+00:00,"IDF chief: 'Hezbollah made a very serious mistake, we won't stop until it is disarmed'","IDF Chief of Staff LTG Eyal Zamir says jets are striking Tehran as Israel targets Iran and Hezbollah, vowing to eliminate threats to the homefront.",Israelnationalnews.com,Israel National News,https://www.israelnationalnews.com/news/423321
107,BG,Bunge Global SA,2026-03-03 15:00:25+00:00,From PRD to Functioning Software with Google Antigravity,This article guide you through an example use case to turn a PRD into a functioning software prototype using Google Antigravity.,Kdnuggets.com,Iván Palomares Carrascosa,https://www.kdnuggets.com/from-prd-to-functioning-software-with-google-antigravity
108,BG,Bunge Global SA,2026-03-03 14:40:25+00:00,人とロボットの共存を大田区から,"[AMX株式会社]
[画像: https://prcdn.freetls.fastly.net/release_image/89851/6/89851-6-1941d783bce5073d442bd29f72863700-936x942.png?width=536&quality=85%2C75&format=jpeg&auto=webp&fit=bounds&bg-...",Prtimes.jp,,https://prtimes.jp/main/html/rd/p/000000006.000089851.html
109,BG,Bunge Global SA,2026-03-03 14:32:00+00:00,"Prostate Cancer Market Competitive Landscape Report 2026: Comprehensive Insights About 230+ Companies and 265+ Drugs by Product Type, Stage, and Route of Administration","Key opportunities in the prostate cancer market include innovation in androgen receptor degraders, radiopharmaceuticals, and immune-targeted therapies. Strategic collaborations and acquisitions suggest growth in personalized and precise treatment options, enh…",GlobeNewswire,Research and Markets,https://www.globenewswire.com/news-release/2026/03/03/3248533/28124/en/Prostate-Cancer-Market-Competitive-Landscape-Report-2026-Comprehensive-Insights-About-230-Companies-and-265-Drugs-by-Product-Type-Stage-and-Route-of-Administration.html
110,BG,Bunge Global SA,2026-03-03 14:11:17+00:00,frostppt added to PyPI,Where ideas crystallise.,Pypi.org,,https://pypi.org/project/frostppt/
111,BG,Bunge Global SA,2026-03-03 14:09:42+00:00,bg-dividers added to PyPI,Program to generate PDF dividers for boardgames,Pypi.org,jquelin@gmail.com,https://pypi.org/project/bg-dividers/
112,BG,Bunge Global SA,2026-03-03 14:09:42+00:00,bg-dividers 0.1.0,Program to generate PDF dividers for boardgames,Pypi.org,jquelin@gmail.com,https://pypi.org/project/bg-dividers/0.1.0/
113,BG,Bunge Global SA,2026-03-03 14:00:00+00:00,"Occurrence of Angiostrongylus cantonensis in invasive snails in the French territories of America, French Guiana, Guadeloupe, and Martinique","Author summary We studied the presence of the parasite Angiostrongylus cantonensis, also known as the rat lungworm, which can cause a form of meningitis in humans. This parasite usually lives in rats, but humans can become accidental hosts if they eat raw or …",Plos.org,"Céline Dard, Dorothée Harrois, Loïc Epelboin, Magalie Pierre-Demar, Noémie Vireeye, Gélixa Gamiette, Régis Delannoye, Lydéric Aubert, Stéphanie Guyomard-Rabenirina, Séverine Ferdinand, Antoine Talarmin, Nicole Desbois-Nogard",https://journals.plos.org/plosntds/article?id=10.1371/journal.pntd.0014024
114,BG,Bunge Global SA,2026-03-03 14:00:00+00:00,Computational frameworks for automated detection and quantification of paroxysmal sympathetic hyperactivity among traumatic brain injury patients,Paroxysmal sympathetic hyperactivity (PSH) is a syndrome that occurs in a large subset of critically ill traumatic brain injury (TBI) patients and is associated with complications and poor recovery. PSH is defined by recurrent episodic vital sign elevations i…,Plos.org,"Xiangxiang Kong, Lujie Karen Chen, Sancharee Hom Chowdhurry, Ryan B. Felix, Shiming Yang, Peter Hu, Neeraj Badjatia, Jamie Erin Podell",https://journals.plos.org/plosone/article?id=10.1371/journal.pone.0344088
115,BG,Bunge Global SA,2026-03-03 14:00:00+00:00,Integrating sequence-based GWAS and comparative genomic analysis reveals conservation and species-specificity of putative functional variants influencing tail length and tail abnormalities in pigs and sheep,"Long tails trigger tail biting in pigs and increase the risk of flystrike infections in sheep. Tail docking has been a common management practice in both species for decades, but increasingly conflicts with legal animal welfare guidelines. Sustainable solutio…",Plos.org,"Xuying Zhang, Johanna Mainzer, Isabella Giambra, Tong Yin, Petra Engel, Hannah Hümmelchen, Henrik Wagner, Axel Wehrend, Christiane Egerer, Katharina Gerhards, Gerald Reiner, Sven König",https://journals.plos.org/plosone/article?id=10.1371/journal.pone.0343836
116,BG,Bunge Global SA,2026-03-03 11:58:02+00:00,m4l-builder added to PyPI,Programmatically build Max for Live (.amxd) devices,Pypi.org,ala@alaarab.com,https://pypi.org/project/m4l-builder/
117,BG,Bunge Global SA,2026-03-03 05:19:54+00:00,FAS sanctions Hougang United after club fields foreign footballer without work pass,The Football Association of Singapore fined the club and overturned the results of matches in which the ineligible player had competed.,CNA,,https://www.channelnewsasia.com/sport/fas-sanction-hougang-united-foreign-player-ineligible-5965966
118,BG,Bunge Global SA,2026-03-03 05:00:00+00:00,"Chronological Reading for Tuesday March 3, 2026 (NIV)",,Biblegateway.com,,https://www.biblegateway.com/reading-plans/chronological/2026/03/03/
119,BG,Bunge Global SA,2026-03-03 04:23:52+00:00,Specbee: Lazy Loading in Drupal - A simple trick that makes your site feel instantly faster,What if your Drupal site could feel faster without big changes? Lazy loading might be the easiest fix you’re not using.,Specbee.com,,https://www.specbee.com/blogs/lazy-loading-in-drupal
120,BG,Bunge Global SA,2026-03-03 03:40:27+00:00,【CONVERSE】2026年3月新作アイテム,"[コンバースジャパン株式会社]
[画像1: https://prcdn.freetls.fastly.net/release_image/10657/158/10657-158-f7ae8b5da0d19350a7647d6c488c45ca-1280x720.jpg?width=536&quality=85%2C75&format=jpeg&auto=webp&fit=bounds&a...",Prtimes.jp,,https://prtimes.jp/main/html/rd/p/000000158.000010657.html
121,BG,Bunge Global SA,2026-03-03 00:14:38+00:00,Benrus Revives Its Iconic Sky Chief Tri-Compax Chronograph from the Golden Age of Aviation,Keeping vintage proportions and offering two stunning dial colors.,Hiconsumption.com,Ethan Brehm,https://hiconsumption.com/watches/benrus-sky-chief-chronograph-reissue/
122,BG,Bunge Global SA,2026-03-03 00:00:00+00:00,Composable Plotting in Clojure,"Building a composable plotting API in Clojure, from views and layers to scatterplot matrices",Clojurecivitas.org,Daniel Slutsky,https://clojurecivitas.org/data_visualization/aog/composable_plotting.html
123,CPB,The Campbell's Company,2026-03-03 20:12:57+00:00,Cory Booker Catches Kristi Noem Lying Under Oath Multiple Times,"New Jersey Senator Cory Booker called out Homeland Security Secretary Kristi Noem Tuesday for repeatedly lying under oath about her agency’s operations.During a Senate Judiciary Committee hearing, Noem lied or played dumb multiple times about her agency’s all…",The New Republic,Edith Olmsted,https://newrepublic.com/post/207283/cory-booker-kristi-noem-lying-under-oath
124,CHD,"Church & Dwight Co., Inc.",2026-03-04 00:00:00+00:00,Cell-free chromatin state tracing reveals disease origin and therapy responses,"cf-EpiTracing enables automated profiling of histone modifications in cell-free DNA from human plasma, allowing identification of the cells of origin and disease diagnosis.",Nature.com,"Xubin Chen, Xiaoxuan Meng, Weilong Zhang, Xiawei Zhang, Yaping Zhang, Ping Yang, Yan Liu, Fang Bao, Sen Li, Jing Wang, Changjian Yan, Chunyuan Li, Lingke Zhang, Xiaoyu Hao, Jia Liu, Jing Sun, Zhengting Wang, Yu Tian, Liqing Zhu, Yan Hou, Zongchao Liu, Wenqing Li, Lan Mi, Xinyu Qi, Yanzhu Yue, Peng Du, Guoqiang Chen, Junke Zheng, Liping Dou, Hongmei Jing, Aibin He",https://www.nature.com/articles/s41586-026-10224-0
125,CLX,The Clorox Company,2026-03-04 00:00:00+00:00,Homologous recombination deficiency and hemizygosity drive resistance in breast cancer,Germline and somatic interactions define actionable genomic patterns driving acquired therapy resistance in breast cancer.,Nature.com,"Anton Safonov, Minna Lee, David N. Brown, Luca Boscolo Bielo, Miika Mehine, Chaitanya Bandlamudi, Ben O’Leary, Hong Shao, Laia Vicente, Daniel Muldoon, Allen Zhu, Susana Ros, Antonio Marra, Pier Selenica, Ivan Bieche, Bradley Wubbenhorst, Emanuela Ferraro, Laura Courtois, Rania El Botty, Mehnaj Ahmed, Enrico Moiso, Julia Ah-Reum An, Mark T. A. Donoghue, Marie Will, Fresia Pareja, Emily Nizialek, Natalia Lukashchuk, Eleni Sofianopoulou, Yuan Liu, Xin Huang, Colombe Chappey, Anna D. Staniszewska, Dara Ross, Diana Mandelker, Marc Ladanyi, Nikolaus Schultz, Michael F. Berger, Maurizio Scaltriti, Jorge S. Reis-Filho, Bob T. Li, Kenneth Offit, Larry Norton, Ronglai Shen, Kara N. Maxwell, Fergus Couch, Susan M. Domchek, Elisabetta Marangoni, Sohrab Shah, Mark R. Albertella, Violeta Serra, Britta Weigelt, David B. Solit, Katherine L. Nathanson, Mark E. Robson, Nicholas C. Turner, Sarat Chandarlapaty, Pedram Razavi",https://www.nature.com/articles/s41586-026-10197-0
126,CLX,The Clorox Company,2026-03-03 16:10:53+00:00,Specialized is due a big redesign of its flagship gravel race bike: Here’s what a new Crux will need to be at the cutting edge,It's been a good few years since the big S last updated the Crux... will we see a revamped one in 2026? Here's what we're hoping will feature on the new bike (if we get one),road.cc,Liam Cahill,https://road.cc/feature/specialized-due-big-redesign-gravel-race-bike-heres-what-new-crux-will-need
127,CLX,The Clorox Company,2026-03-03 16:10:53+00:00,Specialized is due a big redesign of its flagship gravel race bike – here’s what a new Crux will need to be at the cutting edge,It's been a good few years since the big S last updated the Crux... will we see a revamped one in 2026? Here's what we're hoping will feature on the new bike (if we get one),road.cc,Liam Cahill,https://road.cc/feature/specialized-is-due-a-big-redesign-of-its-flagship-gravel-race-bike-heres-what-a-new-crux-will-need-to-be-at-the-cutting-edge
128,CLX,The Clorox Company,2026-03-03 14:00:00+00:00,Acoziborole resistance associated mutations in Trypanosoma brucei CPSF3,"Author summary Diagnosis and treatment options, previously limited for sleeping sickness, have been transformed in recent years. Acoziborole, for example, is a new, safe, single dose, oral therapy for the treatment of this deadly disease. This drug can also b…",Plos.org,"Melanie Ridgway, Markéta Novotná, Cesar Mendoza-Martinez, Michele Tinti, Simone Altmann, Graeme Sloan, David Horn",https://journals.plos.org/plospathogens/article?id=10.1371/journal.ppat.1013764
129,KO,The Coca-Cola Company,2026-03-04 05:00:00+00:00,ART OSAKA 2026 初の「うめきた」開催。,"[一般社団法人日本現代美術振興協会　ART OSAKA 事務局]
[画像1: https://prcdn.freetls.fastly.net/release_image/101225/2/101225-2-ce42b094862dc31358fd7a8947bd6040-1890x2700.jpg?width=536&quality=85%2C75&format=jpeg&auto=webp&fit=bounds&am...",Prtimes.jp,,https://prtimes.jp/main/html/rd/p/000000002.000101225.html
130,KO,The Coca-Cola Company,2026-03-04 04:48:11+00:00,Esoteric Ebb Review,Maybe the best RPG of 2026?,PC Gamer,"ted.litchfield@futurenet.com (Ted Litchfield) , Ted Litchfield",https://www.pcgamer.com/games/rpg/esoteric-ebb-review/
131,KO,The Coca-Cola Company,2026-03-04 04:28:18+00:00,"How Anil Kapoor’s unfinished dream to lead the parallel cinema movement fuelled his longevity, from Woh Saat Din to Subedaar","Anil Kapoor is all set to unleash his action avatar in Subedaar this week. But it's a little known fact that when he entered the film industry, all he wanted was to be a part of was films from parallel cinema.",The Indian Express,Devansh Sharma,https://indianexpress.com/article/entertainment/bollywood/anil-kapoor-unfinished-dream-parallel-cinema-fuelled-his-longevity-subedaar-10563337/
132,KO,The Coca-Cola Company,2026-03-04 00:00:00+00:00,Metamaterials and Fluid Flows,Nature Communications - Metamaterials and Fluid Flows,Nature.com,"Francesco Avallone, Federico Bosia, Yi Chen, Giada Colombo, Richard Craster, Jacopo Maria De Ponti, Nicolò Fabbiane, Michael R. Haberman, Mahmoud I. Hussein, Wontae Hwang, Umberto Iemma, Abigail Juhl, Muamer Kadic, Marios Kotsonis, Vincent Laude, Olivier Marquet, Fabien Mery, Theodoros Michelis, Mostafa Nouh, Daniele Ragni, Marie Touboul, Martin Wegener, Anastasiia O. Krushynska",https://www.nature.com/articles/s41467-026-70163-2
133,KO,The Coca-Cola Company,2026-03-04 00:00:00+00:00,The molecular basis of force selectivity by PIEZO2,"PIEZO2 is intrinsically more rigid than PIEZO1, and disparate mechanical stimuli paradoxically evoke opposite conformational and gating responses in each channel.",Nature.com,"Eric M. Mulhall, Oleg Yarishkin, Rose Z. Hill, Anna K. Koster, Ardem Patapoutian",https://www.nature.com/articles/s41586-026-10182-7
134,KO,The Coca-Cola Company,2026-03-04 00:00:00+00:00,Thermodynamic inhibition of bromine-rich phase nucleation in wide-bandgap perovskites for operationally stable tandem solar cells,"Energy Environ. Sci., 2026, Accepted ManuscriptDOI: 10.1039/D5EE06815K, PaperXueying Yang, Zhongliang Yan, Shibo Wang, Pengfei Fu, Chunyan Deng, Guang Yang, Yu Lou, Zhaojin Wang, Miao Zeng, You Chen, Zhicong Zhou, XinYu Ye, Xiaokang Sun, Chengwei Shan, Yuanmi…",Royal Society of Chemistry,"Xueying Yang, Zhongliang Yan, Shibo Wang, Pengfei Fu, Chunyan Deng, Guang Yang, Yu Lou, Zhaojin Wang, Miao Zeng, You Chen, Zhicong Zhou, XinYu Ye, Xiaokang Sun, Chengwei Shan, Yuanmiao Sun, Aung Ko Ko Kyaw, Hanlin Hu, Zhifang Shi, Zaiwei Wang, Xin-Bo Yang, Xiaohong Zhang, Gang Li, Yang Bai, Hui-Ming Cheng",https://pubs.rsc.org/en/content/articlelanding/2026/ee/d5ee06815k
135,KO,The Coca-Cola Company,2026-03-03 21:22:48+00:00,Nala Sinephro – The Smashing Machine (Original Motion Picture Soundtrack) (2025),"Belgian-Caribbean composer and musician Nala Sinephro‘s first film score is for The Smashing Machine, a Benny Safdie-directed biopic about MMA fighter Mark Kerr, starring Dwayne “The Rock” Johnson in the title role. On paper, Sinephro seems like an odd choice…",Exystence.net,exy,https://exystence.net/blog/2026/03/03/nala-sinephro-the-smashing-machine-original-motion-picture-soundtrack-2025/
136,KO,The Coca-Cola Company,2026-03-03 19:35:00+00:00,"Aberdeen v Celtic – Team news, referee details, KO time & where to watch",Celtic travelled up to the North East this afternoon to their overnight base in the Granite City ahead of tomorrow evening’s must win Scottish Premiership fixture at Pittodrie against Aberdeen…. A...,Yahoo Entertainment,,https://consent.yahoo.com/v2/collectConsent?sessionId=1_cc-session_e9c2baa2-852d-4fe2-887b-388dc34c8e05
137,KO,The Coca-Cola Company,2026-03-03 18:57:08+00:00,"Batwoman #1 By Greg Rucka And Dani, With Alice And The Age Of Darkseid","The new Batwoman comic book series by Greg Rucka and Dani was first revealed at the DC Comics panel at New York Comic Con as part of the DC Next Level promotional programme. This is what we saw back then… Here is how it looks now, from DC Comics' March 2026 s…",Bleeding Cool News,Rich Johnston,https://bleedingcool.com/comics/batwoman-1-by-greg-rucka-and-dani-with-alice-and-the-age-of-darkseid/
138,KO,The Coca-Cola Company,2026-03-03 18:26:32+00:00,Colourful Holi-ness,"The festival of Holi resonates with profound spiritual significance for Central Asian mystics, prompting lyrical reflections on trading one's burdens for healing and the transcendent beauty represented by colors. Viewed as a celestial mosaic, Holi offers a gl…",The Times of India,Sumit Paul,https://economictimes.indiatimes.com/opinion/speaking-tree/colourful-holi-ness/articleshow/128986504.cms
139,KO,The Coca-Cola Company,2026-03-03 16:30:11+00:00,Paul Sporer’s 2026 Bold Predictions,"10 spicy predictions, ranked by their hotness culminating with a powerful double prediction!
Source",Fangraphs.com,Paul Sporer,https://fantasy.fangraphs.com/paul-sporers-2026-bold-predictions/
140,KO,The Coca-Cola Company,2026-03-03 14:57:24+00:00,How Alexander Volkanovski thinks Max Holloway will KO Charles Oliveira at UFC 326,"Alexander Volkanovski has thrown his support behind Max Holloway ahead of his upcoming fight with Charles Oliveira at UFC 326. Oliveira has made it clear he is ready to meet Holloway on any terms, promising fans a show when the two square off in Las Vegas.",Yahoo Entertainment,,https://consent.yahoo.com/v2/collectConsent?sessionId=1_cc-session_3e285f6f-7b70-4313-8f14-ad3b957f2673
141,KO,The Coca-Cola Company,2026-03-03 14:57:09+00:00,Is This The Massive DC Comics Event To Follow DC's K.O? (Big Spoilers),"Tomorrow sees the release of DC's K.O. #5. It's going to be a lot. We've already run a couple of spoilers about what it's looking like for Gotham afterwards, as well as Superman and the rest of the DC Universe once that's all done, and how everyone will be ge…",Bleeding Cool News,Rich Johnston,https://bleedingcool.com/comics/is-this-the-massive-dc-comics-event-to-follow-dcs-k-o-big-spoilers/
142,KO,The Coca-Cola Company,2026-03-03 14:00:00+00:00,The CD97-PPM1G axis dampens antiviral immunity by dephosphorylating IRF7 in type I interferon pathway,"Author summary Upon viral infection, the body’s first line of defense is the IFN-I response, a critical immune signaling pathway that defends host cells against invading pathogens. However, this system is tightly regulated by innate immune-inhibiting molecule…",Plos.org,"Huasong Chang, Wenjing Qi, Rukun Yang, Peili Hou, Ran Kang, Xiaoyu Liu, Yingying Li, Hongmei Wang, Hongbin He",https://journals.plos.org/plospathogens/article?id=10.1371/journal.ppat.1014032
144,KO,The Coca-Cola Company,2026-03-03 13:22:22+00:00,roohai added to PyPI,"Modular real-time voice agent framework with swappable STT, LLM, TTS, and VAD components",Pypi.org,,https://pypi.org/project/roohai/
145,KO,The Coca-Cola Company,2026-03-03 13:03:55+00:00,T20 World Cup semifinal: Will Proteas icon David Miller continue his brilliant ICC event knockout match run with New Zealand?,South African batter David Miller eyes a strong performance in the ICC T20 World Cup semifinal. He carries an exceptional record in knockout matches. Miller seeks to guide his team to their first T20I crown. He has a history of crucial innings in ICC tourname…,The Times of India,ANI,https://economictimes.indiatimes.com/news/sports/t20-world-cup-semifinal-will-proteas-icon-david-miller-continue-his-brilliant-icc-event-knockout-match-run-with-new-zealand/articleshow/128973233.cms
147,KO,The Coca-Cola Company,2026-03-03 10:36:46+00:00,"The Strongest Job is Apparently Not a Hero or a Sage Anime's 2nd Video Reveals More Cast, Ending Song, April 1 Debut","Episode 1 streams in advance on April 1, before it airs on TV on April 4",Anime News Network,,https://www.animenewsnetwork.com/news/2026-03-03/the-strongest-job-is-apparently-not-a-hero-or-a-sage-anime-2nd-video-reveals-more-cast-ending-song-/.234854
148,KO,The Coca-Cola Company,2026-03-03 10:00:00+00:00,Celtic FC Quiz: Celtic v Aberdeen,"The official Celtic FC quiz returns as the Hoops head north to Pittodrie this Wednesday night (Mar 4, 8pm KO) for a vital Scottish Premiership clash with Aberdeen.Think you know your Celtic history an...",Yahoo Entertainment,,https://consent.yahoo.com/v2/collectConsent?sessionId=1_cc-session_827af2cc-3111-4bc8-bd32-fddb87a4ba55
149,KO,The Coca-Cola Company,2026-03-03 08:11:46+00:00,"Lee Soo Hyuk, Yoo In Na, Gong Min Jung, And More Spark Life Into Jisoo’s Virtual and Real Worlds In New Drama “Boyfriend On Demand”","Netflix’s upcoming drama “Boyfriend on Demand” has unveiled new stills! Helmed by director Kim Jung Sik of “Work Later, Drink Now” and “Not Others,” “Boyfriend on Demand” is a romantic comedy that follows Seo Mi Rae (BLACKPINK’s Jisoo), an overworked webtoon …",soompi,R Suhaila,http://www.soompi.com/article/1822388wpp/lee-soo-hyuk-yoo-in-na-gong-min-jung-and-more-spark-life-into-jisoos-virtual-and-real-worlds-in-new-drama-boyfriend-on-demand
150,KO,The Coca-Cola Company,2026-03-03 07:25:44+00:00,"Hong Kong Film Festival Marks 50th Anniversary With Chinese Cinema Retrospective, Chen Kaige, Tsai Ming-liang, Ann Hui Masterclasses – Global Bulletin","PIONEERING PICTURES The Hong Kong International Film Festival will mark its 50th anniversary with a retrospective program celebrating Chinese-language cinema, featuring masterclasses and seminars from some of the region’s most influential filmmakers. Titled “…",Variety,Naman Ramachandran,https://variety.com/2026/film/news/hong-kong-film-festival-50th-anniversary-celebrations-1236677779/
151,KO,The Coca-Cola Company,2026-03-03 04:59:00+00:00,Midnight Mania! ‘I Don’t Think I’m Ever Getting The Money”,Bringing you the weird and wild from the world of MMA each and every weeknight!,MMA Mania,Andrew Richardson,https://www.mmamania.com/ufc-news/421360/logan-paul-explains-how-floyd-mayweather-scammed-him-out-of-1-5-million-i-dont-think-im-ever-getting-the-money
152,KO,The Coca-Cola Company,2026-03-03 03:00:30+00:00,American Idol Season 24: Who Made It To The Top 20? (SPOILERS),"The American Idol S24 contestants are headed to Hawaii for the all-new 'Ohana round, and we've got the scoop on who advance from there to the Top 20.",Screen Rant,Lorianne Palinkas,https://screenrant.com/american-idol-season-24-top-20-spoilers/
153,KO,The Coca-Cola Company,2026-03-03 01:52:54+00:00,"‘Liquorgate’ clean chit to AAP: Why Kejriwal comeback sets off alarm bells in BJP, Congress","Unless Kejriwal is accepted as the leader of a non-Congress, non-BJP front of regional parties or a third front, his task would be cut out – to build his party as an alternative to Congress as the principal Opposition against BJP",The Indian Express,Neerja Chowdhury,https://indianexpress.com/article/political-pulse/liquorgate-clean-chit-to-aap-why-kejriwal-comeback-sets-off-alarm-bells-in-bjp-congress-10561828/
154,KO,The Coca-Cola Company,2026-03-03 00:00:00+00:00,Evaluating routing stability and coordination in swarm-based multi-agent task-oriented dialogue systems,"Conversational systems are becoming a primary interface for services and enterprise automation, and rapid market growth is pushing deployments into safety- and cost-sensitive settings. Reliability remains a bottleneck when interactions span multiple domains: …",Nature.com,"Abuzar Khan, Fahad Masood, Abid Iqbal, Ahmad Junaid, Saad Arif, Mohammed Al-Naeem, Ghassan Husnain, Ali Saeed Alzahrani",https://www.nature.com/articles/s41598-026-42158-y
157,CL,Colgate-Palmolive Company,2026-03-04 00:00:00+00:00,"Hydrogen defects in LaBi2O4X (X = Cl, Br, and I) Sillén oxyhalide phases and their impacts on ionic transport","J. Mater. Chem. A, 2026, Advance ArticleDOI: 10.1039/D5TA09720G, Paper Open Access &nbsp This article is licensed under a Creative Commons Attribution 3.0 Unported Licence.ShinYoung Kang, Andrew J. E. Rowberg, Shenli Zhang, Joel B. VarleyDFT calculations of S…",Royal Society of Chemistry,"ShinYoung Kang, Andrew J. E. Rowberg, Shenli Zhang, Joel B. Varley",https://pubs.rsc.org/en/content/articlelanding/2026/ta/d5ta09720g
158,CL,Colgate-Palmolive Company,2026-03-03 23:49:48+00:00,"Stock market today: Dow, S&P 500, Nasdaq futures pare losses as Iran war volatility continues",Wall Street is scrambling to settle as the war in the Middle East is causing volatility across the board.,Yahoo Entertainment,,https://finance.yahoo.com/news/live/stock-market-today-dow-sp-500-nasdaq-futures-turn-higher-as-iran-war-volatility-continues-234948079.html
159,CL,Colgate-Palmolive Company,2026-03-03 23:49:48+00:00,"Stock market today: Dow, S&P 500, Nasdaq futures fall as Iran reportedly calls for talks to end conflict",Investors are weighing a NYT report that Iran has indirectly approached the US to discuss terms for ending the conflict.,Yahoo Entertainment,,https://finance.yahoo.com/news/live/stock-market-today-dow-sp-500-nasdaq-futures-fall-as-iran-reportedly-calls-for-talks-to-end-conflict-234948450.html
160,CL,Colgate-Palmolive Company,2026-03-03 22:48:00+00:00,Papers: Fernandes' Man Utd future depends on CL qualification & Carrick,The top stories and transfer rumours from Wednesday's newspapers...,Sky Sports,,https://www.skysports.com/football/news/33694/13514883/bruno-fernandes-man-utd-future-will-depend-on-champions-league-qualification-and-michael-carrick-paper-talk-and-transfer-gossip
161,CL,Colgate-Palmolive Company,2026-03-03 22:06:51+00:00,"Dockers Men's Classic Fit Easy Khaki Pants, Burma Gray or Coffee Bean (olive green), most sizes inc. Big & Tall $19.99 (3 replies)","Classic and comfortable work pants.
Slash pockets, relaxed fit, stretch fabric.

Storm Gray or ""Coffee Bean"", which looks like olive green to me, are on sale.
Most sizes available.

Big and",Slickdeals.net,IndigoKnob7008,https://slickdeals.net/f/19268878-dockers-men-s-classic-fit-easy-khaki-pants-burma-gray-or-coffee-bean-olive-green-most-sizes-inc-big-tall-19-99
162,CL,Colgate-Palmolive Company,2026-03-03 22:06:51+00:00,"Dockers Men's Classic Fit Easy Khaki Pants, Burma Gray or Coffee Bean (olive green), most sizes inc. Big & Tall $19.99 at Amazon","Classic and comfortable work pants. 
Slash pockets, relaxed fit, stretch fabric. 
 
Storm Gray or ""Coffee Bean"", which looks like olive green to me, are on sale. 
Most sizes available. 
 
Big and...",Slickdeals.net,IndigoKnob7008,https://slickdeals.net/f/19268878-dockers-men-s-classic-fit-easy-khaki-pants-burma-gray-or-coffee-bean-olive-green-most-sizes-inc-big-tall-19-99-at-amazon
163,CL,Colgate-Palmolive Company,2026-03-03 21:55:00+00:00,2nd Barcelona star picks up injury vs Atlético,The personnel woes facing La Liga giants Barcelona have on Tuesday evening deepened yet further.This comes after a 2nd member of Hansi Flick’s squad was forced into a premature departure from the cl...,Yahoo Entertainment,,https://consent.yahoo.com/v2/collectConsent?sessionId=1_cc-session_842b3777-70fa-49be-8601-c765d42cd688
164,CL,Colgate-Palmolive Company,2026-03-03 21:05:00+00:00,Coherent Executives to Showcase Thought Leadership at OFC - CTO Julie Eng to Deliver the Plenary Session,Coherent announced that its executives and technology leaders will play a prominent role at OFC 2026...,GlobeNewswire,Coherent Corp.,https://www.globenewswire.com/news-release/2026/03/03/3248903/11543/en/Coherent-Executives-to-Showcase-Thought-Leadership-at-OFC-CTO-Julie-Eng-to-Deliver-the-Plenary-Session.html
165,CL,Colgate-Palmolive Company,2026-03-03 15:04:25+00:00,"Stock market today: Dow falls by 700 points, S&P 500 and Nasdaq sink as oil surges amid war worries",The fresh wave of Israeli-led attacks has jolted markets that on Monday mostly managed to shake off the initial shock of the outbreak.,Yahoo Entertainment,Rian Howlett,https://finance.yahoo.com/news/live/stock-market-today-dow-falls-by-700-points-sp-500-and-nasdaq-sink-as-oil-surges-amid-war-worries-150425336.html
166,CL,Colgate-Palmolive Company,2026-03-03 15:04:25+00:00,"Stock market today: Dow plunges over 1,100 points, S&P 500 and Nasdaq sink as oil surges amid war worries",The fresh wave of Israeli-led attacks has jolted markets that on Monday mostly managed to shake off the initial shock of the outbreak.,Yahoo Entertainment,Rian Howlett,https://finance.yahoo.com/news/live/stock-market-today-dow-plunges-over-1100-points-sp-500-and-nasdaq-sink-as-oil-surges-amid-war-worries-150425235.html
168,CL,Colgate-Palmolive Company,2026-03-03 14:00:00+00:00,"Methodological review of the design, objectives and sample size of Research for Patient Benefit (RfPB) applications that use an external randomised controlled pilot trial design: A protocol",Background The National Institute for Health and Care Research accepts applications for pilot and feasibility studies to their Research for Patient Benefit (RfPB) programme. There has been limited work describing the design practices of these applications and…,Plos.org,"Claire L. Chan, Saskia Eddy, Jennie Hejdenberg, Ben Morgan, Heather M. Morgan, Gillian Lancaster, Clare Robinson, Sandra M. Eldridge",https://journals.plos.org/plosone/article?id=10.1371/journal.pone.0343981
169,CL,Colgate-Palmolive Company,2026-03-03 14:00:00+00:00,"Tobacco product cessation and prenatal care utilization: A Pregnancy Risk Assessment Monitoring System phase 8 study of conventional cigarette, e-cigarette, and dual-use associated behaviors",Background Pregnancy is a critical window for tobacco cessation; socio-demographic correlates and prenatal care (PNC) utilization behaviors associated with quitting e-cigarette and dual use with conventional cigarettes remain understudied.   Objective To exam…,Plos.org,"Rathika Damodara Shenoy, Michael Weitzman, Juan M. Acuña",https://journals.plos.org/plosone/article?id=10.1371/journal.pone.0343423
171,CL,Colgate-Palmolive Company,2026-03-03 14:00:00+00:00,Fatal human H3N8 influenza virus has a moderate pandemic risk,"Author summary Low pathogenic avian influenza (LPAI) viruses circulate widely amongst birds and are a major public health concern for their ability to cross over to other species, including humans. Here we characterize the pandemic potential of an H3N8 LPAI v…",Plos.org,"Valerie Le Sage, Michelle N. Vu, Maria A. Maltepes, Shengyang Wang, Brooke A. Snow, Grace A. Merrbach, Alexandra J. Benton, Kylie E. Zirckel, Sarah E. Petnuch, Carly N. Marble, Lora H. Rigatti, James C. Paulson, Elizabeth M. Drapeau, Anita K. McElroy, Scott E. Hensley, Louise H. Moncla, Seema S. Lakdawala",https://journals.plos.org/plospathogens/article?id=10.1371/journal.ppat.1013586
172,CL,Colgate-Palmolive Company,2026-03-03 13:28:45+00:00,"Sandara Park denies drug allegations, expresses concern for Park Bom’s health","2NE1's&nbsp;Sandara Park&nbsp;denied recent drug allegations made against her.A close associate of Sandara Park told The Fact on March 3, &…",allkpop,Demian09,https://www.allkpop.com/article/2026/03/sandara-park-denies-drug-allegations-expresses-concern-for-park-boms-health
173,CL,Colgate-Palmolive Company,2026-03-03 11:13:55+00:00,Population-focused community-based health literacy model for high-risk people: preventing type 2 diabetes mellitus through participatory action research in rural Thailand,"BMC Public Health - Type 2 diabetes mellitus (T2DM) represents a significant public health challenge in Thailand, particularly in rural communities. Despite high prevalence rates, evidence-based,...",Springer.com,Arunrat Utaisang,https://link.springer.com/article/10.1186/s12889-026-26828-0
174,CL,Colgate-Palmolive Company,2026-03-03 11:05:01+00:00,I Invited My Neighbor Over for a Glass of Wine. Big Mistake.,Was it my fault?,Slate Magazine,Nicole Cliffe and Carvell Wallace,https://slate.com/advice/2026/03/parenting-advice-neighbor-toddler-wine-night.html
175,CL,Colgate-Palmolive Company,2026-03-03 05:07:44+00:00,Show HN: Argus – VSCode debugger for Claude Code sessions,"I've been using Claude Code heavily and kept wondering ""why did this 
session cost $2?"" or ""why did it read the same file 15 times?"".Argus is a VSCode extension that analyzes Claude Code sessions from 
the .claude directory and gives you:- Step-by-step breakd…",Hacker News,lydionfinance,https://news.ycombinator.com/item?id=47228332
177,CL,Colgate-Palmolive Company,2026-03-03 00:00:00+00:00,TIGAR regulates intestinal mucus barrier integrity by inhibiting lactylation of G6PD/6PGD in ulcerative colitis,"This study reveals that reduced TIGAR expression in ulcerative colitis promotes G6PD/6PGD lactylation, inhibiting NADPH production, and promotes Trx1 and AGR2 S-nitrosylation, impairing mature MUC2 synthesis and damaging the intestinal mucus barrier.",Nature.com,"Dan Wu, Sen Su, Panyang Zhang, Xule Zha, Yan Wei, Ting Zhang, Xiaoyan Liu, Qian Chen, Chunyan Li, Qianying Huang, Zhihao Zhou, Yan Yang, Lin Xia, Shijun Fan, Xi Peng",https://www.nature.com/articles/s41467-026-70263-z
178,CAG,"Conagra Brands, Inc.",2026-03-04 00:00:00+00:00,Precancerous niche remodelling dictates nascent tumour persistence,"A study investigating the emergence&nbsp;of squamous tumours in the upper gastrointestinal tract of the mouse shows that an initial tumour stress response triggers fibroblasts to remodel the underlying stroma, creating a fibronectin-rich precancerous niche th…",Nature.com,"G. Skrupskelyte, J. E. Rojo Arias, H. Ajith, Y. Dang, D. Rossetti, S. Han, M. K. S. Tang, M. T. Bejar, B. Colom, J. C. Fowler, K. Murai, W. Knight, D. Aust, M. H. H. Schmidt, J. Jászai, S. Zeki, A. Noorani, P. H. Jones, S. Rulands, B. D. Simons, M. P. Alcolea",https://www.nature.com/articles/s41586-026-10157-8
179,CAG,"Conagra Brands, Inc.",2026-03-03 21:40:18+00:00,Queen's University group stranded in Middle East looking for a way home,"Sixteen students and their professor from Queen's University are safe in Doha, Qatar, after their plan was turned around mid-air on Feb. 28.",CBC News,,https://www.cbc.ca/news/canada/ottawa/queen-s-university-group-stuck-in-qatar-airspace-closure-iran-israel-u-s-war-9.7113044
181,CAG,"Conagra Brands, Inc.",2026-03-03 14:00:00+00:00,Anthrax-causing bacteria form biofilms on a soil-inspired porous glass bead model,"Author summary Anthrax is a deadly disease caused by bacteria that can form highly resistant spores, allowing them to survive in the environment for long periods. Two closely related bacteria, Bacillus anthracis and Bacillus cereus biovar anthracis (Bcbva), c…",Plos.org,"Leonard Borst, Sabine Howaldt, Rocío Berdaguer, Christoph Schaudinn, Susann Dupke, Maren Stämmler, Peter Lasch, Holger C. Scholz, Silke R. Klee",https://journals.plos.org/plosntds/article?id=10.1371/journal.pntd.0014043
